<?xml version="1.0" encoding="UTF-8"?>
<project-private xmlns="http://www.netbeans.org/ns/project-private/1">
    <editor-bookmarks xmlns="http://www.netbeans.org/ns/editor-bookmarks/2" lastBookmarkId="0"/>
    <open-files xmlns="http://www.netbeans.org/ns/projectui-open-files/2">
        <group>
            <file>file:/C:/Users/bield/Downloads/SarepatBooks-1.5/SarepatBooks/src/dao/LivroDAO.java</file>
            <file>file:/C:/Users/bield/Downloads/SarepatBooks-1.5/SarepatBooks/src/dao/AutorDAO.java</file>
            <file>file:/C:/Users/bield/Downloads/SarepatBooks-1.5/SarepatBooks/src/dao/GeneroDAO.java</file>
            <file>file:/C:/Users/bield/Downloads/SarepatBooks-1.5/SarepatBooks/src/dao/EditoraDAO.java</file>
            <file>file:/C:/Users/bield/Downloads/SarepatBooks-1.5/SarepatBooks/src/dao/EstoqueDAO.java</file>
            <file>file:/C:/Users/bield/Downloads/SarepatBooks-1.5/SarepatBooks/src/dao/Conexao.java</file>
        </group>
    </open-files>
</project-private>
